id,user_id,umkm_id,role,created_at
ROLE001,USR001,UMKM001,owner,2022-07-17 19:09:51
ROLE002,USR002,UMKM002,owner,2022-04-13 14:04:54
ROLE003,USR003,UMKM003,owner,2022-12-25 09:02:40
ROLE004,USR004,UMKM004,owner,2023-11-21 02:05:29
ROLE005,USR005,UMKM005,owner,2023-09-22 09:46:23
ROLE006,USR006,UMKM006,owner,2022-03-06 08:53:03
ROLE007,USR007,UMKM007,owner,2021-04-01 22:21:04
ROLE008,USR008,UMKM008,owner,2021-05-11 19:57:24
ROLE009,USR009,UMKM009,owner,2021-12-06 07:38:31
ROLE010,USR010,UMKM010,owner,2021-09-04 23:17:20
ROLE011,USR011,UMKM011,owner,2023-07-10 03:40:43
ROLE012,USR012,UMKM012,owner,2021-08-27 21:47:52
ROLE013,USR013,UMKM013,owner,2021-09-06 11:01:14
ROLE014,USR014,UMKM014,owner,2022-09-11 17:14:54
ROLE015,USR015,UMKM015,owner,2023-05-27 10:39:22
ROLE016,USR016,UMKM016,owner,2023-05-09 04:03:17
ROLE017,USR017,UMKM017,owner,2022-12-02 10:07:24
ROLE018,USR018,UMKM018,owner,2022-02-16 04:34:19
ROLE019,USR019,UMKM019,owner,2023-09-20 09:46:51
ROLE020,USR020,UMKM020,owner,2022-08-09 21:05:07
ROLE021,USR021,UMKM021,owner,2021-01-17 21:43:18
ROLE022,USR022,UMKM022,owner,2022-05-14 17:17:27
ROLE023,USR023,UMKM023,owner,2021-05-16 02:03:31
ROLE024,USR024,UMKM024,owner,2021-07-20 09:26:30
ROLE025,USR025,UMKM025,owner,2023-04-16 18:02:16
ROLE026,USR026,UMKM026,owner,2023-12-11 16:55:46
ROLE027,USR027,UMKM027,owner,2022-08-08 02:38:31
ROLE028,USR028,UMKM028,owner,2021-04-29 11:58:30
ROLE029,USR029,UMKM029,owner,2021-05-09 07:22:50
ROLE030,USR030,UMKM030,owner,2022-06-08 07:18:01
ROLE031,USR031,UMKM031,owner,2023-04-28 16:44:53
ROLE032,USR032,UMKM032,owner,2022-01-17 11:39:37
ROLE033,USR033,UMKM033,owner,2023-10-25 16:54:27
ROLE034,USR034,UMKM034,owner,2021-04-01 04:18:53
ROLE035,USR035,UMKM035,owner,2022-07-06 02:50:04
ROLE036,USR036,UMKM036,owner,2022-12-12 22:29:31
ROLE037,USR037,UMKM037,owner,2021-05-14 02:51:08
ROLE038,USR038,UMKM038,owner,2023-10-28 01:57:25
ROLE039,USR039,UMKM039,owner,2022-01-12 05:38:58
ROLE040,USR040,UMKM040,owner,2021-04-18 02:10:10
ROLE041,USR041,UMKM041,owner,2022-12-14 20:23:29
ROLE042,USR042,UMKM042,owner,2023-06-07 08:38:41
ROLE043,USR043,UMKM043,owner,2021-04-20 21:12:54
ROLE044,USR044,UMKM044,owner,2021-04-03 22:06:30
ROLE045,USR045,UMKM045,owner,2021-04-13 09:22:27
ROLE046,USR046,UMKM046,owner,2021-04-23 14:40:52
ROLE047,USR047,UMKM047,owner,2023-06-20 23:08:19
ROLE048,USR048,UMKM048,owner,2023-07-22 17:20:48
ROLE049,USR049,UMKM049,owner,2022-05-14 01:47:24
ROLE050,USR050,UMKM050,owner,2022-12-15 07:18:03
ROLE051,USR051,UMKM051,owner,2023-06-03 14:14:27
ROLE052,USR052,UMKM052,owner,2022-07-02 04:56:32
ROLE053,USR053,UMKM053,owner,2022-12-03 16:43:17
ROLE054,USR054,UMKM054,owner,2023-10-22 22:02:15
ROLE055,USR055,UMKM055,owner,2021-06-14 22:19:04
ROLE056,USR056,UMKM056,owner,2023-06-07 10:30:20
ROLE057,USR057,UMKM057,owner,2021-11-30 06:42:28
ROLE058,USR058,UMKM058,owner,2021-04-08 22:13:12
ROLE059,USR059,UMKM059,owner,2022-06-17 04:15:20
ROLE060,USR060,UMKM060,owner,2022-12-07 09:12:18
ROLE061,USR061,UMKM061,owner,2023-12-12 11:31:43
ROLE062,USR062,UMKM062,owner,2021-09-02 01:29:11
ROLE063,USR063,UMKM063,owner,2021-03-31 23:38:19
ROLE064,USR064,UMKM064,owner,2022-07-22 10:38:42
ROLE065,USR065,UMKM065,owner,2021-09-28 02:35:57
ROLE066,USR066,UMKM066,owner,2021-10-10 01:35:26
ROLE067,USR067,UMKM067,owner,2022-10-22 14:29:45
ROLE068,USR068,UMKM068,owner,2021-09-28 08:09:32
ROLE069,USR069,UMKM069,owner,2023-01-31 04:46:45
ROLE070,USR070,UMKM070,owner,2022-01-03 13:32:29
ROLE071,USR071,UMKM071,owner,2021-05-12 20:22:35
ROLE072,USR072,UMKM072,owner,2023-11-24 14:21:17
ROLE073,USR073,UMKM073,owner,2022-03-04 19:27:30
ROLE074,USR074,UMKM074,owner,2023-07-28 18:42:18
ROLE075,USR075,UMKM075,owner,2023-03-12 11:38:01
ROLE076,USR076,UMKM076,owner,2022-11-23 10:03:09
ROLE077,USR077,UMKM077,owner,2023-11-16 19:33:34
ROLE078,USR078,UMKM078,owner,2022-06-26 22:59:58
ROLE079,USR079,UMKM079,owner,2022-04-18 13:20:32
ROLE080,USR080,UMKM080,owner,2022-04-25 07:47:29
ROLE081,USR081,UMKM081,owner,2023-12-14 04:51:35
ROLE082,USR082,UMKM082,owner,2023-05-05 04:43:47
ROLE083,USR083,UMKM083,owner,2023-08-24 10:12:57
ROLE084,USR084,UMKM084,owner,2023-04-02 02:25:52
ROLE085,USR085,UMKM085,owner,2023-11-20 12:24:10
ROLE086,USR086,UMKM086,owner,2021-05-29 01:59:37
ROLE087,USR087,UMKM087,owner,2021-11-12 08:35:07
ROLE088,USR088,UMKM088,owner,2021-05-17 03:29:59
ROLE089,USR089,UMKM089,owner,2024-01-05 18:40:05
ROLE090,USR090,UMKM090,owner,2021-01-11 14:43:32
ROLE091,USR091,UMKM091,owner,2022-11-16 11:32:56
ROLE092,USR092,UMKM092,owner,2021-03-23 01:07:37
ROLE093,USR093,UMKM093,owner,2023-01-13 19:38:19
ROLE094,USR094,UMKM094,owner,2022-12-01 13:16:59
ROLE095,USR095,UMKM095,owner,2023-05-12 02:26:48
ROLE096,USR096,UMKM096,owner,2022-02-23 16:04:40
ROLE097,USR097,UMKM097,owner,2023-03-31 20:01:56
ROLE098,USR098,UMKM098,owner,2022-04-04 20:53:03
ROLE099,USR099,UMKM099,owner,2021-08-15 23:01:32
ROLE100,USR100,UMKM100,owner,2021-04-23 19:05:30
ROLE101,USR101,UMKM101,owner,2021-11-29 08:20:41
ROLE102,USR102,UMKM102,owner,2023-12-19 11:20:35
ROLE103,USR103,UMKM103,owner,2021-02-07 04:26:18
ROLE104,USR104,UMKM104,owner,2022-11-07 22:33:44
ROLE105,USR105,UMKM105,owner,2022-01-06 14:56:42
ROLE106,USR106,UMKM106,owner,2023-11-07 01:51:57
ROLE107,USR107,UMKM107,owner,2021-08-16 07:02:32
ROLE108,USR108,UMKM108,owner,2023-10-30 22:41:21
ROLE109,USR109,UMKM109,owner,2021-11-01 07:49:57
ROLE110,USR110,UMKM110,owner,2022-06-19 07:49:56
ROLE111,USR111,UMKM111,owner,2022-11-10 21:23:33
ROLE112,USR112,UMKM112,owner,2021-04-06 22:05:31
ROLE113,USR113,UMKM113,owner,2023-10-22 11:34:29
ROLE114,USR114,UMKM114,owner,2021-02-09 16:43:19
ROLE115,USR115,UMKM115,owner,2023-06-26 02:48:35
ROLE116,USR116,UMKM116,owner,2021-10-16 15:43:57
ROLE117,USR117,UMKM117,owner,2021-10-07 09:52:54
ROLE118,USR118,UMKM118,owner,2023-06-23 11:39:28
ROLE119,USR119,UMKM119,owner,2021-11-07 02:52:12
ROLE120,USR120,UMKM120,owner,2024-01-14 01:36:20
ROLE121,USR121,UMKM121,owner,2023-06-03 04:05:41
ROLE122,USR122,UMKM122,owner,2021-05-03 03:11:36
ROLE123,USR123,UMKM123,owner,2021-06-20 23:30:27
ROLE124,USR124,UMKM124,owner,2021-09-16 16:13:24
ROLE125,USR125,UMKM125,owner,2023-09-14 18:53:36
ROLE126,USR126,UMKM126,owner,2023-07-14 09:56:17
ROLE127,USR127,UMKM127,owner,2022-03-11 07:53:55
ROLE128,USR128,UMKM128,owner,2023-11-16 00:17:18
ROLE129,USR129,UMKM129,owner,2023-02-05 09:27:44
ROLE130,USR130,UMKM130,owner,2023-08-12 02:16:10
ROLE131,USR131,UMKM131,owner,2021-11-15 19:41:59
ROLE132,USR132,UMKM132,owner,2022-01-29 08:50:32
ROLE133,USR133,UMKM133,owner,2021-02-06 19:35:31
ROLE134,USR134,UMKM134,owner,2023-11-23 11:02:25
ROLE135,USR135,UMKM135,owner,2023-05-23 00:45:10
ROLE136,USR136,UMKM136,owner,2022-01-24 03:07:52
ROLE137,USR137,UMKM137,owner,2023-12-30 04:07:44
ROLE138,USR138,UMKM138,owner,2023-07-29 22:01:34
ROLE139,USR139,UMKM139,owner,2021-10-30 14:00:40
ROLE140,USR140,UMKM140,owner,2021-07-28 15:52:17
ROLE141,USR141,UMKM141,owner,2021-08-07 04:55:26
ROLE142,USR142,UMKM142,owner,2023-06-18 19:36:55
ROLE143,USR143,UMKM143,owner,2021-04-09 20:24:46
ROLE144,USR144,UMKM144,owner,2022-09-20 11:45:22
ROLE145,USR145,UMKM145,owner,2021-08-24 19:18:20
ROLE146,USR146,UMKM146,owner,2021-07-11 01:02:39
ROLE147,USR147,UMKM147,owner,2022-01-03 14:27:34
ROLE148,USR148,UMKM148,owner,2023-07-06 06:26:26
ROLE149,USR149,UMKM149,owner,2021-06-23 04:32:44
ROLE150,USR150,UMKM150,owner,2021-05-16 03:15:17
ROLE151,USR151,UMKM151,owner,2022-10-11 14:52:20
ROLE152,USR152,UMKM152,owner,2022-04-11 13:59:43
ROLE153,USR153,UMKM153,owner,2022-01-26 14:52:12
ROLE154,USR154,UMKM154,owner,2021-11-17 07:53:05
ROLE155,USR155,UMKM155,owner,2022-03-18 15:45:46
ROLE156,USR156,UMKM156,owner,2023-07-21 09:33:58
ROLE157,USR157,UMKM157,owner,2023-01-24 03:07:36
ROLE158,USR158,UMKM158,owner,2023-05-12 20:44:18
ROLE159,USR159,UMKM159,owner,2022-06-14 17:50:10
ROLE160,USR160,UMKM160,owner,2023-06-21 13:40:37
ROLE161,USR161,UMKM161,owner,2022-03-03 16:48:57
ROLE162,USR162,UMKM162,owner,2023-10-20 02:55:03
ROLE163,USR163,UMKM163,owner,2023-09-19 02:37:22
ROLE164,USR164,UMKM164,owner,2022-06-07 19:18:15
ROLE165,USR165,UMKM165,owner,2023-12-17 14:07:44
ROLE166,USR166,UMKM166,owner,2023-05-12 14:02:17
ROLE167,USR167,UMKM167,owner,2022-09-25 21:24:17
ROLE168,USR168,UMKM168,owner,2023-04-27 22:02:19
ROLE169,USR169,UMKM169,owner,2023-03-11 09:12:11
ROLE170,USR170,UMKM170,owner,2021-07-29 12:50:37
ROLE171,USR171,UMKM171,owner,2021-02-17 21:09:50
ROLE172,USR172,UMKM172,owner,2022-05-05 18:04:17
ROLE173,USR173,UMKM173,owner,2021-07-09 06:10:13
ROLE174,USR174,UMKM174,owner,2022-04-27 10:00:15
ROLE175,USR175,UMKM175,owner,2023-01-11 14:00:46
ROLE176,USR176,UMKM176,owner,2023-07-29 03:10:59
ROLE177,USR177,UMKM177,owner,2022-10-20 14:18:29
ROLE178,USR178,UMKM178,owner,2022-04-13 09:05:05
ROLE179,USR179,UMKM179,owner,2023-02-28 16:04:54
ROLE180,USR180,UMKM180,owner,2023-06-07 09:16:21
ROLE181,USR181,UMKM181,owner,2021-11-08 01:48:12
ROLE182,USR182,UMKM182,owner,2022-10-06 03:35:20
ROLE183,USR183,UMKM183,owner,2022-08-29 05:45:38
ROLE184,USR184,UMKM184,owner,2021-09-24 07:04:50
ROLE185,USR185,UMKM185,owner,2022-06-14 17:51:34
ROLE186,USR186,UMKM186,owner,2022-12-23 19:38:48
ROLE187,USR187,UMKM187,owner,2021-09-07 19:50:12
ROLE188,USR188,UMKM188,owner,2023-12-18 02:27:57
ROLE189,USR189,UMKM189,owner,2023-04-19 23:48:54
ROLE190,USR190,UMKM190,owner,2023-02-16 00:23:02
ROLE191,USR191,UMKM191,owner,2023-12-30 04:48:55
ROLE192,USR192,UMKM192,owner,2021-06-21 22:45:32
ROLE193,USR193,UMKM193,owner,2023-12-21 03:12:19
ROLE194,USR194,UMKM194,owner,2022-04-16 17:49:36
ROLE195,USR195,UMKM195,owner,2023-06-03 04:12:38
ROLE196,USR196,UMKM196,owner,2022-09-06 06:27:06
ROLE197,USR197,UMKM197,owner,2022-01-20 16:52:45
ROLE198,USR198,UMKM198,owner,2022-12-26 18:51:54
ROLE199,USR199,UMKM199,owner,2022-07-17 20:29:12
ROLE200,USR200,UMKM200,owner,2022-12-17 17:04:24
ROLE201,USR201,UMKM201,owner,2021-07-07 16:49:19
ROLE202,USR202,UMKM202,owner,2024-01-01 07:51:49
ROLE203,USR203,UMKM203,owner,2023-06-02 03:39:46
ROLE204,USR204,UMKM204,owner,2023-08-03 01:15:21
ROLE205,USR205,UMKM205,owner,2022-01-11 12:21:07
ROLE206,USR206,UMKM206,owner,2022-02-22 08:23:39
ROLE207,USR207,UMKM207,owner,2021-08-15 12:20:58
ROLE208,USR208,UMKM208,owner,2022-11-26 19:11:47
ROLE209,USR209,UMKM209,owner,2022-04-25 10:59:54
ROLE210,USR210,UMKM210,owner,2023-05-13 22:38:43
ROLE211,USR211,UMKM211,owner,2021-10-12 14:48:38
ROLE212,USR212,UMKM212,owner,2022-04-10 12:28:14
ROLE213,USR213,UMKM213,owner,2021-05-21 23:35:49
ROLE214,USR214,UMKM214,owner,2023-12-04 16:36:11
ROLE215,USR215,UMKM215,owner,2022-09-16 23:31:21
ROLE216,USR216,UMKM216,owner,2023-11-22 11:26:54
ROLE217,USR217,UMKM217,owner,2021-07-11 08:09:07
ROLE218,USR218,UMKM218,owner,2023-08-30 17:55:46
ROLE219,USR219,UMKM219,owner,2024-01-04 02:57:04
ROLE220,USR220,UMKM220,owner,2021-03-05 20:13:07
ROLE221,USR221,UMKM221,owner,2023-05-13 01:46:24
ROLE222,USR222,UMKM222,owner,2024-01-11 23:11:18
ROLE223,USR223,UMKM223,owner,2022-10-25 12:05:58
ROLE224,USR224,UMKM224,owner,2022-04-10 14:18:06
ROLE225,USR225,UMKM225,owner,2022-02-01 19:20:01
ROLE226,USR226,UMKM226,owner,2023-10-07 16:53:09
ROLE227,USR227,UMKM227,owner,2023-01-05 09:21:32
ROLE228,USR228,UMKM228,owner,2021-02-19 04:49:49
ROLE229,USR229,UMKM229,owner,2023-06-22 01:06:33
ROLE230,USR230,UMKM230,owner,2021-12-06 11:43:59
ROLE231,USR231,UMKM231,owner,2023-08-04 20:11:21
ROLE232,USR232,UMKM232,owner,2023-04-29 05:24:31
ROLE233,USR233,UMKM233,owner,2021-08-03 18:45:50
ROLE234,USR234,UMKM234,owner,2021-02-06 13:04:41
ROLE235,USR235,UMKM235,owner,2021-07-04 13:25:11
ROLE236,USR236,UMKM236,owner,2023-08-09 06:05:24
ROLE237,USR237,UMKM237,owner,2023-10-27 14:05:13
ROLE238,USR238,UMKM238,owner,2023-01-31 02:36:23
ROLE239,USR239,UMKM239,owner,2022-11-26 01:52:08
ROLE240,USR240,UMKM240,owner,2021-07-21 01:45:48
ROLE241,USR241,UMKM241,owner,2022-08-26 17:31:42
ROLE242,USR242,UMKM242,owner,2021-06-14 01:44:27
ROLE243,USR243,UMKM243,owner,2023-06-05 11:59:01
ROLE244,USR244,UMKM244,owner,2022-10-31 20:19:17
ROLE245,USR245,UMKM245,owner,2022-05-11 13:08:49
ROLE246,USR246,UMKM246,owner,2023-12-14 22:33:38
ROLE247,USR247,UMKM247,owner,2022-11-12 22:10:25
ROLE248,USR248,UMKM248,owner,2021-04-25 05:11:10
ROLE249,USR249,UMKM249,owner,2022-10-17 05:03:21
ROLE250,USR250,UMKM250,owner,2021-03-25 22:37:55
ROLE251,USR251,UMKM251,owner,2023-03-20 06:02:39
ROLE252,USR252,UMKM252,owner,2022-07-12 22:09:44
ROLE253,USR253,UMKM253,owner,2021-12-23 08:28:19
ROLE254,USR254,UMKM254,owner,2023-08-27 19:46:36
ROLE255,USR255,UMKM255,owner,2023-11-12 22:24:32
ROLE256,USR256,UMKM256,owner,2022-05-16 23:51:02
ROLE257,USR257,UMKM257,owner,2023-11-05 04:15:03
ROLE258,USR258,UMKM258,owner,2021-05-24 13:50:27
ROLE259,USR259,UMKM259,owner,2021-09-08 13:07:35
ROLE260,USR260,UMKM260,owner,2023-07-28 05:48:00
ROLE261,USR261,UMKM261,owner,2021-03-30 08:00:48
ROLE262,USR262,UMKM262,owner,2023-08-15 01:45:02
ROLE263,USR263,UMKM263,owner,2022-07-14 05:39:36
ROLE264,USR264,UMKM264,owner,2023-04-14 13:57:38
ROLE265,USR265,UMKM265,owner,2021-04-26 02:32:10
ROLE266,USR266,UMKM266,owner,2022-02-08 22:35:27
ROLE267,USR267,UMKM267,owner,2021-08-11 16:25:31
ROLE268,USR268,UMKM268,owner,2023-12-03 19:38:27
ROLE269,USR269,UMKM269,owner,2022-12-08 15:28:43
ROLE270,USR270,UMKM270,owner,2022-11-22 21:11:41
ROLE271,USR271,UMKM271,owner,2022-10-02 05:12:56
ROLE272,USR272,UMKM272,owner,2023-01-10 17:46:20
ROLE273,USR273,UMKM273,owner,2021-07-12 10:57:49
ROLE274,USR274,UMKM274,owner,2022-05-09 00:07:26
ROLE275,USR275,UMKM275,owner,2023-03-21 01:07:46
ROLE276,USR276,UMKM276,owner,2022-07-02 18:13:14
ROLE277,USR277,UMKM277,owner,2022-01-16 00:52:28
ROLE278,USR278,UMKM278,owner,2023-11-03 07:32:50
ROLE279,USR279,UMKM279,owner,2023-06-23 18:03:55
ROLE280,USR280,UMKM280,owner,2023-10-08 20:51:22
ROLE281,USR281,UMKM281,owner,2022-06-02 03:12:44
ROLE282,USR282,UMKM282,owner,2022-03-24 17:34:35
ROLE283,USR283,UMKM283,owner,2023-01-01 01:21:12
ROLE284,USR284,UMKM284,owner,2021-06-15 07:13:51
ROLE285,USR285,UMKM285,owner,2021-03-27 18:26:15
ROLE286,USR286,UMKM286,owner,2023-08-05 20:49:08
ROLE287,USR287,UMKM287,owner,2022-06-21 12:43:17
ROLE288,USR288,UMKM288,owner,2022-12-03 01:25:40
ROLE289,USR289,UMKM289,owner,2022-03-31 11:49:13
ROLE290,USR290,UMKM290,owner,2023-09-30 01:55:22
ROLE291,USR291,UMKM291,owner,2022-08-28 12:18:29
ROLE292,USR292,UMKM292,owner,2023-08-20 07:14:53
ROLE293,USR293,UMKM293,owner,2022-07-05 10:41:51
ROLE294,USR294,UMKM294,owner,2023-08-12 09:25:41
ROLE295,USR295,UMKM295,owner,2022-05-30 06:35:36
ROLE296,USR296,UMKM296,owner,2023-12-12 18:59:08
ROLE297,USR297,UMKM297,owner,2022-07-30 02:26:45
ROLE298,USR298,UMKM298,owner,2023-02-07 10:08:38
ROLE299,USR299,UMKM299,owner,2021-07-03 03:14:03
ROLE300,USR300,UMKM300,owner,2021-03-19 16:19:42
ROLE301,USR301,UMKM301,owner,2022-08-16 06:08:05
ROLE302,USR302,UMKM302,owner,2021-09-20 04:01:50
ROLE303,USR303,UMKM303,owner,2022-01-09 23:48:03
ROLE304,USR304,UMKM304,owner,2022-12-15 09:58:51
ROLE305,USR305,UMKM305,owner,2023-01-02 14:33:08
ROLE306,USR306,UMKM306,owner,2022-11-26 10:52:42
ROLE307,USR307,UMKM307,owner,2022-11-04 09:16:24
ROLE308,USR308,UMKM308,owner,2022-01-28 09:15:43
ROLE309,USR309,UMKM309,owner,2021-07-04 09:49:20
ROLE310,USR310,UMKM310,owner,2021-09-26 01:07:37
ROLE311,USR311,UMKM311,owner,2021-06-08 12:13:46
ROLE312,USR312,UMKM312,owner,2021-03-01 10:43:12
ROLE313,USR313,UMKM313,owner,2021-06-02 18:34:16
ROLE314,USR314,UMKM314,owner,2023-10-23 17:00:26
ROLE315,USR315,UMKM315,owner,2023-01-26 22:46:47
ROLE316,USR316,UMKM316,owner,2023-08-25 22:24:45
ROLE317,USR317,UMKM317,owner,2023-05-11 13:51:18
ROLE318,USR318,UMKM318,owner,2022-04-03 13:53:19
ROLE319,USR319,UMKM319,owner,2023-08-30 12:25:39
ROLE320,USR320,UMKM320,owner,2023-05-05 17:35:01
ROLE321,USR321,UMKM321,owner,2022-04-16 11:49:24
ROLE322,USR322,UMKM322,owner,2023-11-12 01:50:26
ROLE323,USR323,UMKM323,owner,2023-04-03 05:07:03
ROLE324,USR324,UMKM324,owner,2022-09-15 13:17:12
ROLE325,USR325,UMKM325,owner,2022-02-10 01:46:01
ROLE326,USR326,UMKM326,owner,2023-11-09 19:31:39
ROLE327,USR327,UMKM327,owner,2021-08-04 06:44:12
ROLE328,USR328,UMKM328,owner,2023-12-21 15:17:58
ROLE329,USR329,UMKM329,owner,2021-08-09 11:45:07
ROLE330,USR330,UMKM330,owner,2021-11-20 04:33:25
ROLE331,USR331,UMKM331,owner,2022-05-13 16:41:00
ROLE332,USR332,UMKM332,owner,2021-03-25 22:00:16
ROLE333,USR333,UMKM333,owner,2021-03-20 06:55:48
ROLE334,USR334,UMKM334,owner,2022-11-18 19:21:41
ROLE335,USR335,UMKM335,owner,2022-06-28 16:13:05
ROLE336,USR336,UMKM336,owner,2023-04-02 16:03:25
ROLE337,USR337,UMKM337,owner,2023-08-22 21:55:12
ROLE338,USR338,UMKM338,owner,2022-06-22 10:05:24
ROLE339,USR339,UMKM339,owner,2021-09-17 21:13:02
ROLE340,USR340,UMKM340,owner,2022-07-28 16:29:49
ROLE341,USR341,UMKM341,owner,2021-04-17 03:17:49
ROLE342,USR342,UMKM342,owner,2023-11-23 10:51:48
ROLE343,USR343,UMKM343,owner,2022-11-13 16:29:01
ROLE344,USR344,UMKM344,owner,2022-07-22 14:01:08
ROLE345,USR345,UMKM345,owner,2022-08-30 07:26:33
ROLE346,USR346,UMKM346,owner,2022-08-12 01:41:08
ROLE347,USR347,UMKM347,owner,2021-02-26 06:42:09
ROLE348,USR348,UMKM348,owner,2021-07-12 22:39:53
ROLE349,USR349,UMKM349,owner,2023-09-07 13:03:05
ROLE350,USR350,UMKM350,owner,2021-08-16 20:32:19
ROLE351,USR351,UMKM351,owner,2021-06-14 09:56:33
ROLE352,USR352,UMKM352,owner,2022-07-23 17:52:13
ROLE353,USR353,UMKM353,owner,2021-09-23 16:27:16
ROLE354,USR354,UMKM354,owner,2022-07-24 13:45:19
ROLE355,USR355,UMKM355,owner,2022-01-29 18:58:52
ROLE356,USR356,UMKM356,owner,2023-01-20 02:18:09
ROLE357,USR357,UMKM357,owner,2021-05-13 04:06:01
ROLE358,USR358,UMKM358,owner,2022-10-06 04:30:07
ROLE359,USR359,UMKM359,owner,2022-06-02 12:16:53
ROLE360,USR360,UMKM360,owner,2021-08-13 08:39:39
ROLE361,USR361,UMKM361,owner,2021-08-18 10:58:50
ROLE362,USR362,UMKM362,owner,2023-04-02 21:08:51
ROLE363,USR363,UMKM363,owner,2021-12-20 06:17:29
ROLE364,USR364,UMKM364,owner,2021-05-28 12:14:37
ROLE365,USR365,UMKM365,owner,2023-09-05 23:05:21
ROLE366,USR366,UMKM366,owner,2023-07-20 08:29:04
ROLE367,USR367,UMKM367,owner,2023-08-11 02:03:49
ROLE368,USR368,UMKM368,owner,2021-02-28 02:01:25
ROLE369,USR369,UMKM369,owner,2023-10-23 12:00:06
ROLE370,USR370,UMKM370,owner,2023-02-16 16:54:16
ROLE371,USR371,UMKM371,owner,2023-02-11 06:24:16
ROLE372,USR372,UMKM372,owner,2021-05-12 08:38:53
ROLE373,USR373,UMKM373,owner,2021-11-17 22:39:45
ROLE374,USR374,UMKM374,owner,2022-06-30 12:20:51
ROLE375,USR375,UMKM375,owner,2021-07-03 23:11:26
ROLE376,USR376,UMKM376,owner,2021-08-30 21:07:56
ROLE377,USR377,UMKM377,owner,2022-10-14 14:01:35
ROLE378,USR378,UMKM378,owner,2023-07-12 09:59:01
ROLE379,USR379,UMKM379,owner,2023-03-14 14:56:58
ROLE380,USR380,UMKM380,owner,2023-03-22 04:40:07
ROLE381,USR381,UMKM381,owner,2021-04-12 12:17:58
ROLE382,USR382,UMKM382,owner,2023-01-15 00:55:58
ROLE383,USR383,UMKM383,owner,2022-02-20 20:31:51
ROLE384,USR384,UMKM384,owner,2021-04-03 11:20:48
ROLE385,USR385,UMKM385,owner,2022-09-09 04:15:41
ROLE386,USR386,UMKM386,owner,2023-09-26 04:54:48
ROLE387,USR387,UMKM387,owner,2022-09-01 18:16:32
ROLE388,USR388,UMKM388,owner,2021-08-20 03:13:37
ROLE389,USR389,UMKM389,owner,2021-03-14 10:56:04
ROLE390,USR390,UMKM390,owner,2021-09-03 09:41:37
ROLE391,USR391,UMKM391,owner,2022-05-18 19:43:37
ROLE392,USR392,UMKM392,owner,2023-07-22 08:09:34
ROLE393,USR393,UMKM393,owner,2023-06-07 11:48:15
ROLE394,USR394,UMKM394,owner,2022-11-02 02:33:48
ROLE395,USR395,UMKM395,owner,2023-09-23 12:54:52
ROLE396,USR396,UMKM396,owner,2023-07-07 15:37:10
ROLE397,USR397,UMKM397,owner,2023-03-29 09:24:52
ROLE398,USR398,UMKM398,owner,2023-11-25 11:26:17
ROLE399,USR399,UMKM399,owner,2022-10-19 13:43:40
ROLE400,USR400,UMKM400,owner,2023-08-17 22:05:15
ROLE401,USR401,UMKM401,owner,2021-08-31 12:19:17
ROLE402,USR402,UMKM402,owner,2023-04-09 08:12:29
ROLE403,USR403,UMKM403,owner,2022-06-24 19:31:34
ROLE404,USR404,UMKM404,owner,2023-09-29 08:20:05
ROLE405,USR405,UMKM405,owner,2022-02-11 23:39:58
ROLE406,USR406,UMKM406,owner,2022-05-08 08:42:30
ROLE407,USR407,UMKM407,owner,2022-05-24 13:06:08
ROLE408,USR408,UMKM408,owner,2022-03-14 20:09:09
ROLE409,USR409,UMKM409,owner,2022-09-21 21:56:09
ROLE410,USR410,UMKM410,owner,2021-04-03 08:54:08
ROLE411,USR411,UMKM411,owner,2023-10-20 00:43:38
ROLE412,USR412,UMKM412,owner,2022-03-05 05:02:37
ROLE413,USR413,UMKM413,owner,2023-07-18 15:18:36
ROLE414,USR414,UMKM414,owner,2023-09-29 00:18:51
ROLE415,USR415,UMKM415,owner,2021-06-23 04:38:08
ROLE416,USR416,UMKM416,owner,2021-09-15 08:58:12
ROLE417,USR417,UMKM417,owner,2023-10-22 14:44:25
ROLE418,USR418,UMKM418,owner,2021-04-22 22:09:27
ROLE419,USR419,UMKM419,owner,2021-03-29 23:01:45
ROLE420,USR420,UMKM420,owner,2021-03-15 11:33:51
ROLE421,USR421,UMKM421,owner,2022-04-09 16:12:39
ROLE422,USR422,UMKM422,owner,2022-06-07 11:47:31
ROLE423,USR423,UMKM423,owner,2021-08-24 12:05:11
ROLE424,USR424,UMKM424,owner,2022-06-18 17:45:48
ROLE425,USR425,UMKM425,owner,2021-02-09 21:33:48
ROLE426,USR426,UMKM426,owner,2021-11-01 01:38:29
ROLE427,USR427,UMKM427,owner,2022-11-23 10:52:58
ROLE428,USR428,UMKM428,owner,2021-08-30 10:28:26
ROLE429,USR429,UMKM429,owner,2022-01-02 21:12:07
ROLE430,USR430,UMKM430,owner,2023-06-24 23:02:56
ROLE431,USR431,UMKM431,owner,2023-11-26 09:01:15
ROLE432,USR432,UMKM432,owner,2024-01-16 22:34:26
ROLE433,USR433,UMKM433,owner,2022-04-12 07:55:56
ROLE434,USR434,UMKM434,owner,2021-09-14 23:27:18
ROLE435,USR435,UMKM435,owner,2023-05-22 05:35:47
ROLE436,USR436,UMKM436,owner,2022-01-02 07:38:31
ROLE437,USR437,UMKM437,owner,2021-06-02 04:57:46
ROLE438,USR438,UMKM438,owner,2023-06-15 10:19:04
ROLE439,USR439,UMKM439,owner,2023-07-08 16:36:57
ROLE440,USR440,UMKM440,owner,2021-07-12 14:04:31
ROLE441,USR441,UMKM441,owner,2023-03-14 20:34:20
ROLE442,USR442,UMKM442,owner,2022-12-30 15:18:53
ROLE443,USR443,UMKM443,owner,2021-02-10 20:12:41
ROLE444,USR444,UMKM444,owner,2021-03-31 08:49:34
ROLE445,USR445,UMKM445,owner,2021-05-06 05:42:12
ROLE446,USR446,UMKM446,owner,2021-08-21 09:41:14
ROLE447,USR447,UMKM447,owner,2022-08-19 17:32:53
ROLE448,USR448,UMKM448,owner,2022-08-30 13:31:50
ROLE449,USR449,UMKM449,owner,2023-11-07 05:37:01
ROLE450,USR450,UMKM450,owner,2023-04-08 13:30:44
ROLE451,USR451,UMKM451,owner,2022-05-08 12:30:42
ROLE452,USR452,UMKM452,owner,2022-01-09 18:36:49
ROLE453,USR453,UMKM453,owner,2021-06-30 08:03:11
ROLE454,USR454,UMKM454,owner,2021-02-20 08:00:03
ROLE455,USR455,UMKM455,owner,2023-07-23 15:43:10
ROLE456,USR456,UMKM456,owner,2022-10-06 22:28:21
ROLE457,USR457,UMKM457,owner,2021-04-22 17:12:10
ROLE458,USR458,UMKM458,owner,2023-06-24 23:32:00
ROLE459,USR459,UMKM459,owner,2022-01-05 01:11:21
ROLE460,USR460,UMKM460,owner,2022-10-28 11:33:31
ROLE461,USR461,UMKM461,owner,2021-10-23 01:39:18
ROLE462,USR462,UMKM462,owner,2022-06-25 01:09:55
ROLE463,USR463,UMKM463,owner,2024-01-16 16:43:32
ROLE464,USR464,UMKM464,owner,2023-05-03 16:21:09
ROLE465,USR465,UMKM465,owner,2021-08-27 06:03:23
ROLE466,USR466,UMKM466,owner,2022-10-11 00:58:19
ROLE467,USR467,UMKM467,owner,2022-05-31 01:26:48
ROLE468,USR468,UMKM468,owner,2023-05-12 02:48:24
ROLE469,USR469,UMKM469,owner,2023-08-22 19:22:44
ROLE470,USR470,UMKM470,owner,2023-11-12 01:54:23
ROLE471,USR471,UMKM471,owner,2022-05-06 00:06:07
ROLE472,USR472,UMKM472,owner,2021-07-05 06:37:53
ROLE473,USR473,UMKM473,owner,2023-08-05 21:49:20
ROLE474,USR474,UMKM474,owner,2022-03-23 17:32:42
ROLE475,USR475,UMKM475,owner,2022-07-17 16:58:23
ROLE476,USR476,UMKM476,owner,2023-01-16 08:12:17
ROLE477,USR477,UMKM477,owner,2022-10-09 01:08:07
ROLE478,USR478,UMKM478,owner,2022-02-23 02:37:48
ROLE479,USR479,UMKM479,owner,2021-09-20 18:41:33
ROLE480,USR480,UMKM480,owner,2023-03-15 15:27:30
ROLE481,USR481,UMKM481,owner,2023-02-13 01:49:53
ROLE482,USR482,UMKM482,owner,2022-07-11 03:03:45
ROLE483,USR483,UMKM483,owner,2023-05-04 04:49:36
ROLE484,USR484,UMKM484,owner,2021-05-06 11:18:18
ROLE485,USR485,UMKM485,owner,2023-10-07 18:20:42
ROLE486,USR486,UMKM486,owner,2022-12-23 10:09:20
ROLE487,USR487,UMKM487,owner,2023-02-01 15:14:23
ROLE488,USR488,UMKM488,owner,2021-02-17 23:40:45
ROLE489,USR489,UMKM489,owner,2023-03-17 04:25:14
ROLE490,USR490,UMKM490,owner,2021-10-29 11:39:08
ROLE491,USR491,UMKM491,owner,2023-08-22 19:53:16
ROLE492,USR492,UMKM492,owner,2021-05-26 18:50:03
ROLE493,USR493,UMKM493,owner,2023-12-26 03:14:14
ROLE494,USR494,UMKM494,owner,2023-10-08 14:40:16
ROLE495,USR495,UMKM495,owner,2021-04-09 04:14:59
ROLE496,USR496,UMKM496,owner,2023-10-18 20:28:04
ROLE497,USR497,UMKM497,owner,2023-04-28 11:15:05
ROLE498,USR498,UMKM498,owner,2023-06-18 11:51:40
ROLE499,USR499,UMKM499,owner,2022-04-03 13:38:48
ROLE500,USR500,UMKM500,owner,2022-05-11 13:25:21
ROLE501,USR501,UMKM501,owner,2022-09-12 17:54:06
ROLE502,USR502,UMKM502,owner,2022-09-20 13:30:35
ROLE503,USR503,UMKM503,owner,2021-08-14 09:51:10
ROLE504,USR504,UMKM504,owner,2022-07-04 07:00:36
ROLE505,USR505,UMKM505,owner,2023-08-02 02:41:33
ROLE506,USR506,UMKM506,owner,2022-06-05 01:07:12
ROLE507,USR507,UMKM507,owner,2022-01-13 10:18:56
ROLE508,USR508,UMKM508,owner,2023-07-17 04:00:27
ROLE509,USR509,UMKM509,owner,2022-01-28 21:06:49
ROLE510,USR510,UMKM510,owner,2023-09-28 17:59:16
ROLE511,USR511,UMKM511,owner,2021-01-30 02:36:30
ROLE512,USR512,UMKM512,owner,2021-08-23 21:11:09
ROLE513,USR513,UMKM513,owner,2022-10-17 21:45:22
ROLE514,USR514,UMKM514,owner,2022-06-16 23:41:21
ROLE515,USR515,UMKM515,owner,2021-05-26 14:07:36
ROLE516,USR516,UMKM516,owner,2023-07-08 12:51:49
ROLE517,USR517,UMKM517,owner,2022-04-26 19:18:14
ROLE518,USR518,UMKM518,owner,2022-11-08 04:11:59
ROLE519,USR519,UMKM519,owner,2022-02-06 01:38:38
ROLE520,USR520,UMKM520,owner,2021-07-05 04:49:08
ROLE521,USR521,UMKM521,owner,2023-09-05 10:58:26
ROLE522,USR522,UMKM522,owner,2023-10-26 08:37:47
ROLE523,USR523,UMKM523,owner,2023-12-22 02:31:32
ROLE524,USR524,UMKM524,owner,2022-06-05 19:00:52
ROLE525,USR525,UMKM525,owner,2022-02-07 14:43:58
ROLE526,USR526,UMKM526,owner,2021-07-15 22:16:44
ROLE527,USR527,UMKM527,owner,2023-12-21 00:59:20
ROLE528,USR528,UMKM528,owner,2021-12-16 16:21:31
ROLE529,USR529,UMKM529,owner,2022-10-21 14:16:14
ROLE530,USR530,UMKM530,owner,2023-11-01 05:38:07
ROLE531,USR531,UMKM531,owner,2023-07-21 21:10:23
ROLE532,USR532,UMKM532,owner,2023-12-17 13:09:32
ROLE533,USR533,UMKM533,owner,2023-05-02 01:25:21
ROLE534,USR534,UMKM534,owner,2023-11-08 13:57:58
ROLE535,USR535,UMKM535,owner,2023-10-05 00:47:22
ROLE536,USR536,UMKM536,owner,2022-11-24 17:08:45
ROLE537,USR537,UMKM537,owner,2023-06-05 19:44:08
ROLE538,USR538,UMKM538,owner,2022-12-26 09:05:51
ROLE539,USR539,UMKM539,owner,2021-03-08 04:12:43
ROLE540,USR540,UMKM540,owner,2021-07-29 08:16:42
ROLE541,USR541,UMKM541,owner,2022-12-26 08:36:51
ROLE542,USR542,UMKM542,owner,2022-12-04 16:49:36
ROLE543,USR543,UMKM543,owner,2021-07-13 19:33:23
ROLE544,USR544,UMKM544,owner,2021-10-08 08:12:52
ROLE545,USR545,UMKM545,owner,2021-10-03 18:56:31
ROLE546,USR546,UMKM546,owner,2022-09-28 05:58:46
ROLE547,USR547,UMKM547,owner,2021-03-11 09:03:00
ROLE548,USR548,UMKM548,owner,2022-09-23 01:25:55
ROLE549,USR549,UMKM549,owner,2021-04-26 04:33:44
ROLE550,USR550,UMKM550,owner,2022-06-16 10:13:54
ROLE551,USR551,UMKM551,owner,2023-04-17 19:37:30
ROLE552,USR552,UMKM552,owner,2023-07-27 21:49:19
ROLE553,USR553,UMKM553,owner,2023-12-05 10:05:46
ROLE554,USR554,UMKM554,owner,2023-11-21 02:48:48
ROLE555,USR555,UMKM555,owner,2022-08-08 22:08:32
ROLE556,USR556,UMKM556,owner,2023-07-04 22:20:21
ROLE557,USR557,UMKM557,owner,2023-10-04 09:13:23
ROLE558,USR558,UMKM558,owner,2021-08-22 22:55:02
ROLE559,USR559,UMKM559,owner,2022-07-17 18:41:01
ROLE560,USR560,UMKM560,owner,2023-06-11 10:05:50
ROLE561,USR561,UMKM561,owner,2022-11-26 12:18:32
ROLE562,USR562,UMKM562,owner,2021-12-11 14:54:09
ROLE563,USR563,UMKM563,owner,2022-12-14 10:31:37
ROLE564,USR564,UMKM564,owner,2021-07-11 21:10:42
ROLE565,USR565,UMKM565,owner,2022-08-17 21:35:53
ROLE566,USR566,UMKM566,owner,2023-05-22 17:42:35
ROLE567,USR567,UMKM567,owner,2022-01-27 13:33:52
ROLE568,USR568,UMKM568,owner,2021-05-29 03:06:41
ROLE569,USR569,UMKM569,owner,2021-12-22 01:25:30
ROLE570,USR570,UMKM570,owner,2023-09-06 00:54:32
ROLE571,USR571,UMKM571,owner,2021-12-05 11:48:01
ROLE572,USR572,UMKM572,owner,2023-04-29 22:48:50
ROLE573,USR573,UMKM573,owner,2022-02-28 07:25:18
ROLE574,USR574,UMKM574,owner,2021-06-16 23:02:05
ROLE575,USR575,UMKM575,owner,2022-03-16 20:02:14
ROLE576,USR576,UMKM576,owner,2021-09-12 04:22:02
ROLE577,USR577,UMKM577,owner,2022-09-18 01:01:42
ROLE578,USR578,UMKM578,owner,2022-08-28 20:13:17
ROLE579,USR579,UMKM579,owner,2022-10-15 19:54:55
ROLE580,USR580,UMKM580,owner,2022-12-11 08:29:56
ROLE581,USR581,UMKM581,owner,2021-06-03 16:58:21
ROLE582,USR582,UMKM582,owner,2021-05-07 09:34:20
ROLE583,USR583,UMKM583,owner,2021-12-17 02:52:42
ROLE584,USR584,UMKM584,owner,2023-06-22 19:16:40
ROLE585,USR585,UMKM585,owner,2023-12-11 07:32:48
ROLE586,USR586,UMKM586,owner,2022-12-17 22:50:00
ROLE587,USR587,UMKM587,owner,2021-01-13 01:31:01
ROLE588,USR588,UMKM588,owner,2023-10-29 18:25:07
ROLE589,USR589,UMKM589,owner,2023-10-21 21:08:29
ROLE590,USR590,UMKM590,owner,2021-10-10 04:02:20
ROLE591,USR591,UMKM591,owner,2022-01-05 18:30:54
ROLE592,USR592,UMKM592,owner,2021-05-07 02:21:58
ROLE593,USR593,UMKM593,owner,2021-02-06 13:13:39
ROLE594,USR594,UMKM594,owner,2023-12-27 03:26:04
ROLE595,USR595,UMKM595,owner,2021-07-06 03:41:42
ROLE596,USR596,UMKM596,owner,2021-07-27 20:06:04
ROLE597,USR597,UMKM597,owner,2021-01-22 04:06:40
ROLE598,USR598,UMKM598,owner,2023-09-05 16:41:15
ROLE599,USR599,UMKM599,owner,2021-12-17 12:16:07
ROLE600,USR600,UMKM600,owner,2022-09-17 14:23:50
ROLE601,USR601,UMKM601,owner,2022-03-28 06:09:09
ROLE602,USR602,UMKM602,owner,2023-08-08 21:25:45
ROLE603,USR603,UMKM603,owner,2023-11-19 19:12:52
ROLE604,USR604,UMKM604,owner,2022-09-16 13:49:11
ROLE605,USR605,UMKM605,owner,2022-01-30 19:44:55
ROLE606,USR606,UMKM606,owner,2021-05-16 08:13:09
ROLE607,USR607,UMKM607,owner,2021-08-18 01:07:42
ROLE608,USR608,UMKM608,owner,2023-12-03 22:26:30
ROLE609,USR609,UMKM609,owner,2021-02-06 22:51:33
ROLE610,USR610,UMKM610,owner,2021-04-30 22:54:32
ROLE611,USR611,UMKM611,owner,2023-02-20 08:53:33
ROLE612,USR612,UMKM612,owner,2023-04-30 12:52:10
ROLE613,USR613,UMKM613,owner,2023-03-24 07:02:14
ROLE614,USR614,UMKM614,owner,2022-09-22 00:19:34
ROLE615,USR615,UMKM615,owner,2021-04-29 17:28:56
ROLE616,USR616,UMKM616,owner,2021-04-12 23:00:24
ROLE617,USR617,UMKM617,owner,2023-08-16 19:17:02
ROLE618,USR618,UMKM618,owner,2021-07-27 13:36:29
ROLE619,USR619,UMKM619,owner,2022-07-17 14:13:14
ROLE620,USR620,UMKM620,owner,2022-08-27 16:35:50
ROLE621,USR621,UMKM621,owner,2021-07-17 10:11:24
ROLE622,USR622,UMKM622,owner,2023-03-30 19:25:02
ROLE623,USR623,UMKM623,owner,2023-03-05 18:20:19
ROLE624,USR624,UMKM624,owner,2021-10-06 06:18:21
ROLE625,USR625,UMKM625,owner,2023-11-22 05:34:52
ROLE626,USR626,UMKM626,owner,2021-02-14 02:49:57
ROLE627,USR627,UMKM627,owner,2021-10-22 00:27:49
ROLE628,USR628,UMKM628,owner,2023-11-06 14:25:26
ROLE629,USR629,UMKM629,owner,2022-05-16 00:16:47
ROLE630,USR630,UMKM630,owner,2023-12-08 23:49:07
ROLE631,USR631,UMKM631,owner,2021-03-16 08:58:31
ROLE632,USR632,UMKM632,owner,2022-05-17 15:42:09
ROLE633,USR633,UMKM633,owner,2022-04-16 23:27:10
ROLE634,USR634,UMKM634,owner,2022-08-06 02:27:09
ROLE635,USR635,UMKM635,owner,2023-05-27 01:31:19
ROLE636,USR636,UMKM636,owner,2021-02-18 04:26:20
ROLE637,USR637,UMKM637,owner,2021-01-17 21:56:14
ROLE638,USR638,UMKM638,owner,2022-05-08 17:38:39
ROLE639,USR639,UMKM639,owner,2021-04-17 01:11:00
ROLE640,USR640,UMKM640,owner,2022-01-01 14:43:22
ROLE641,USR641,UMKM641,owner,2022-12-28 04:49:14
ROLE642,USR642,UMKM642,owner,2023-10-07 21:25:20
ROLE643,USR643,UMKM643,owner,2023-11-06 02:01:58
ROLE644,USR644,UMKM644,owner,2022-10-03 10:27:14
ROLE645,USR645,UMKM645,owner,2022-01-18 21:39:28
ROLE646,USR646,UMKM646,owner,2021-07-16 07:19:06
ROLE647,USR647,UMKM647,owner,2021-08-05 14:10:30
ROLE648,USR648,UMKM648,owner,2023-01-07 19:15:47
ROLE649,USR649,UMKM649,owner,2022-05-10 14:08:23
ROLE650,USR650,UMKM650,owner,2022-05-29 05:10:00
ROLE651,USR651,UMKM651,owner,2023-03-14 15:33:51
ROLE652,USR652,UMKM652,owner,2021-03-19 07:23:27
ROLE653,USR653,UMKM653,owner,2022-02-04 03:55:52
ROLE654,USR654,UMKM654,owner,2021-01-28 14:01:11
ROLE655,USR655,UMKM655,owner,2022-09-23 07:18:20
ROLE656,USR656,UMKM656,owner,2023-07-05 12:40:27
ROLE657,USR657,UMKM657,owner,2021-11-16 05:33:00
ROLE658,USR658,UMKM658,owner,2022-06-16 01:46:33
ROLE659,USR659,UMKM659,owner,2023-07-01 12:48:13
ROLE660,USR660,UMKM660,owner,2022-11-05 19:33:15
ROLE661,USR661,UMKM661,owner,2022-11-26 20:34:40
ROLE662,USR662,UMKM662,owner,2023-10-25 12:42:16
ROLE663,USR663,UMKM663,owner,2021-05-31 07:24:47
ROLE664,USR664,UMKM664,owner,2023-04-21 20:33:08
ROLE665,USR665,UMKM665,owner,2022-09-08 04:35:43
ROLE666,USR666,UMKM666,owner,2022-06-24 10:58:17
ROLE667,USR667,UMKM667,owner,2021-02-25 11:42:52
ROLE668,USR668,UMKM668,owner,2021-04-20 00:55:21
ROLE669,USR669,UMKM669,owner,2022-01-06 14:58:03
ROLE670,USR670,UMKM670,owner,2023-05-10 01:27:20
ROLE671,USR671,UMKM671,owner,2021-12-15 21:10:24
ROLE672,USR672,UMKM672,owner,2021-10-26 20:47:14
ROLE673,USR673,UMKM673,owner,2022-07-16 09:00:16
ROLE674,USR674,UMKM674,owner,2023-06-15 20:01:36
ROLE675,USR675,UMKM675,owner,2023-02-28 16:08:32
ROLE676,USR676,UMKM676,owner,2022-01-03 09:14:38
ROLE677,USR677,UMKM677,owner,2021-11-17 23:53:11
ROLE678,USR678,UMKM678,owner,2022-05-28 16:55:55
ROLE679,USR679,UMKM679,owner,2021-07-22 07:51:09
ROLE680,USR680,UMKM680,owner,2023-10-31 14:39:06
ROLE681,USR681,UMKM681,owner,2021-10-02 16:17:13
ROLE682,USR682,UMKM682,owner,2023-11-02 11:36:40
ROLE683,USR683,UMKM683,owner,2023-08-16 08:44:45
ROLE684,USR684,UMKM684,owner,2022-09-01 19:30:55
ROLE685,USR685,UMKM685,owner,2021-01-24 19:11:50
ROLE686,USR686,UMKM686,owner,2023-06-03 14:08:26
ROLE687,USR687,UMKM687,owner,2023-08-31 18:56:29
ROLE688,USR688,UMKM688,owner,2022-06-06 11:30:13
ROLE689,USR689,UMKM689,owner,2023-09-19 07:14:42
ROLE690,USR690,UMKM690,owner,2022-06-29 14:31:50
ROLE691,USR691,UMKM691,owner,2022-03-04 17:38:05
ROLE692,USR692,UMKM692,owner,2022-11-09 22:46:22
ROLE693,USR693,UMKM693,owner,2022-07-09 15:13:49
ROLE694,USR694,UMKM694,owner,2023-07-03 23:33:14
ROLE695,USR695,UMKM695,owner,2021-03-01 22:10:08
ROLE696,USR696,UMKM696,owner,2021-09-27 06:52:53
ROLE697,USR697,UMKM697,owner,2021-06-23 15:17:39
ROLE698,USR698,UMKM698,owner,2021-03-13 03:45:37
ROLE699,USR699,UMKM699,owner,2021-09-29 01:42:12
ROLE700,USR700,UMKM700,owner,2023-12-31 01:59:37
ROLE701,USR701,UMKM701,owner,2022-03-27 08:21:27
ROLE702,USR702,UMKM702,owner,2023-02-28 16:25:42
ROLE703,USR703,UMKM703,owner,2023-11-16 09:59:10
ROLE704,USR704,UMKM704,owner,2023-09-28 09:53:20
ROLE705,USR705,UMKM705,owner,2022-09-22 11:34:24
ROLE706,USR706,UMKM706,owner,2023-05-22 06:48:19
ROLE707,USR707,UMKM707,owner,2022-12-04 12:29:24
ROLE708,USR708,UMKM708,owner,2022-02-24 05:04:00
ROLE709,USR709,UMKM709,owner,2021-05-28 03:38:00
ROLE710,USR710,UMKM710,owner,2023-07-26 02:56:43
ROLE711,USR711,UMKM711,owner,2022-10-24 08:33:05
ROLE712,USR712,UMKM712,owner,2022-01-09 01:32:16
ROLE713,USR713,UMKM713,owner,2021-03-13 22:50:19
ROLE714,USR714,UMKM714,owner,2023-09-19 13:59:28
ROLE715,USR715,UMKM715,owner,2021-10-04 17:01:17
ROLE716,USR716,UMKM716,owner,2021-05-20 17:54:24
ROLE717,USR717,UMKM717,owner,2023-07-25 09:32:04
ROLE718,USR718,UMKM718,owner,2021-06-12 05:09:05
ROLE719,USR719,UMKM719,owner,2023-04-18 07:34:46
ROLE720,USR720,UMKM720,owner,2023-04-17 19:28:25
ROLE721,USR721,UMKM721,owner,2023-07-28 08:35:23
ROLE722,USR722,UMKM722,owner,2023-05-29 02:44:15
ROLE723,USR723,UMKM723,owner,2022-06-20 04:44:19
ROLE724,USR724,UMKM724,owner,2023-08-09 00:31:16
ROLE725,USR725,UMKM725,owner,2023-12-22 15:24:35
ROLE726,USR726,UMKM726,owner,2023-12-28 16:54:07
ROLE727,USR727,UMKM727,owner,2022-08-08 14:27:44
ROLE728,USR728,UMKM728,owner,2023-02-17 17:02:33
ROLE729,USR729,UMKM729,owner,2021-08-27 18:30:19
ROLE730,USR730,UMKM730,owner,2022-02-24 12:48:17
ROLE731,USR731,UMKM731,owner,2021-12-03 09:21:32
ROLE732,USR732,UMKM732,owner,2022-08-30 20:38:58
ROLE733,USR733,UMKM733,owner,2023-03-17 06:53:50
ROLE734,USR734,UMKM734,owner,2021-02-22 23:26:56
ROLE735,USR735,UMKM735,owner,2022-02-05 14:18:16
ROLE736,USR736,UMKM736,owner,2022-03-13 14:46:17
ROLE737,USR737,UMKM737,owner,2021-08-06 11:06:53
ROLE738,USR738,UMKM738,owner,2023-02-02 06:30:36
ROLE739,USR739,UMKM739,owner,2022-02-13 20:13:27
ROLE740,USR740,UMKM740,owner,2021-10-05 01:41:41
ROLE741,USR741,UMKM741,owner,2023-10-06 16:15:18
ROLE742,USR742,UMKM742,owner,2021-02-14 04:36:21
ROLE743,USR743,UMKM743,owner,2023-10-27 16:34:39
ROLE744,USR744,UMKM744,owner,2022-05-18 13:01:46
ROLE745,USR745,UMKM745,owner,2022-08-22 20:32:19
ROLE746,USR746,UMKM746,owner,2023-12-08 00:11:09
ROLE747,USR747,UMKM747,owner,2023-03-12 15:24:48
ROLE748,USR748,UMKM748,owner,2023-07-24 10:02:41
ROLE749,USR749,UMKM749,owner,2022-07-04 10:21:47
ROLE750,USR750,UMKM750,owner,2023-11-08 01:02:49
ROLE751,USR605,UMKM1868,owner,2022-01-30 19:44:55
ROLE752,USR139,UMKM2148,owner,2021-10-30 13:56:40
ROLE753,USR571,UMKM2340,owner,2021-12-05 12:22:01
ROLE754,USR449,UMKM2564,owner,2023-11-07 06:27:01
ROLE755,USR348,UMKM2000,owner,2021-07-12 23:02:53
ROLE756,USR596,UMKM2505,owner,2021-07-27 20:44:04
ROLE757,USR692,UMKM2088,owner,2022-11-09 22:28:22
ROLE758,USR223,UMKM1891,owner,2022-10-25 12:39:58
ROLE759,USR174,UMKM2737,owner,2022-04-27 09:43:15
ROLE760,USR496,UMKM1784,owner,2023-10-18 20:48:04
ROLE761,USR746,UMKM2323,owner,2023-12-08 00:22:09
ROLE762,USR444,UMKM2606,owner,2021-03-31 08:51:34
ROLE763,USR353,UMKM2280,owner,2021-09-23 16:22:16
ROLE764,USR175,UMKM2241,owner,2023-01-11 14:05:46
ROLE765,USR084,UMKM2504,owner,2023-04-02 02:00:52
ROLE766,USR2323,UMKM481,owner,2023-02-16 19:03:53
ROLE767,USR2242,UMKM481,owner,2023-03-03 18:25:53
ROLE768,USR2328,UMKM481,owner,2023-03-11 18:25:53
ROLE769,USR2088,UMKM453,owner,2021-07-03 04:50:11
ROLE770,USR2618,UMKM453,owner,2021-07-13 19:53:11
ROLE771,USR2048,UMKM453,owner,2021-07-09 07:42:11
ROLE772,USR2323,UMKM647,owner,2021-08-14 11:48:30
ROLE773,USR2328,UMKM647,owner,2021-08-26 16:55:30
ROLE774,USR2125,UMKM311,owner,2021-06-21 05:57:46
ROLE775,USR2405,UMKM311,owner,2021-06-20 09:15:46
ROLE776,USR1794,UMKM311,owner,2021-06-15 10:41:46
ROLE777,USR2048,UMKM282,owner,2022-04-19 21:10:35
ROLE778,USR2547,UMKM282,owner,2022-03-28 08:11:35
ROLE779,USR2540,UMKM606,owner,2021-05-23 09:00:09
ROLE780,USR1794,UMKM058,owner,2021-04-20 08:30:12
ROLE781,USR2618,UMKM361,owner,2021-08-27 11:55:50
ROLE782,USR2265,UMKM361,owner,2021-09-13 08:45:50
ROLE783,USR2048,UMKM361,owner,2021-08-25 20:26:50
ROLE784,USR1794,UMKM520,owner,2021-07-14 08:27:08
ROLE785,USR2125,UMKM520,owner,2021-07-31 16:46:08
ROLE786,USR2618,UMKM076,owner,2022-12-22 22:35:09
ROLE787,USR2030,UMKM076,owner,2022-12-04 15:46:09
ROLE788,USR2048,UMKM318,owner,2022-05-04 06:55:19
ROLE789,USR2328,UMKM318,owner,2022-04-12 16:01:19
ROLE790,USR2129,UMKM473,owner,2023-08-26 03:52:20
ROLE791,USR2323,UMKM473,owner,2023-08-24 07:44:20
ROLE792,USR1863,UMKM473,owner,2023-08-17 01:13:20
ROLE793,USR2125,UMKM463,owner,2024-02-08 02:20:32
ROLE794,USR2030,UMKM039,owner,2022-01-19 04:23:58
ROLE795,USR2129,UMKM039,owner,2022-01-27 16:50:58
ROLE796,USR1794,UMKM059,owner,2022-07-07 18:43:20
ROLE797,USR2328,UMKM059,owner,2022-06-27 01:42:20
ROLE798,USR2323,UMKM378,owner,2023-08-04 07:29:01
ROLE799,USR2328,UMKM294,owner,2023-09-08 07:55:41
ROLE800,USR2242,UMKM294,owner,2023-08-18 09:47:41
ROLE801,USR1863,UMKM079,owner,2022-05-11 03:46:32
ROLE802,USR2405,UMKM661,owner,2022-11-30 04:33:40
ROLE803,USR2328,UMKM093,owner,2023-02-01 20:15:19
ROLE804,USR1863,UMKM093,owner,2023-02-03 00:23:19
ROLE805,USR2618,UMKM093,owner,2023-02-05 10:30:19
ROLE806,USR2328,UMKM630,owner,2024-01-03 02:01:07
ROLE807,USR2030,UMKM630,owner,2023-12-28 04:05:07
ROLE808,USR2328,UMKM609,owner,2021-02-28 07:43:33
ROLE809,USR2618,UMKM609,owner,2021-02-15 02:05:33
ROLE810,USR2125,UMKM609,owner,2021-02-08 04:34:33
ROLE811,USR2242,UMKM2088,owner,2022-12-10 16:58:22
ROLE812,USR2618,UMKM2088,owner,2022-11-14 06:44:22
ROLE813,USR2030,UMKM394,owner,2022-11-22 11:28:48
ROLE814,USR2696,UMKM394,owner,2022-11-25 18:29:48
ROLE815,USR2233,UMKM474,owner,2022-03-28 19:43:42
ROLE816,USR2547,UMKM595,owner,2021-07-10 02:01:42
ROLE817,USR2030,UMKM595,owner,2021-08-03 13:39:42
ROLE818,USR2328,UMKM568,owner,2021-06-16 12:51:41
ROLE819,USR2323,UMKM568,owner,2021-06-27 13:11:41
ROLE820,USR2265,UMKM568,owner,2021-06-26 08:19:41
ROLE821,USR2547,UMKM043,owner,2021-04-29 00:32:54
ROLE822,USR2328,UMKM043,owner,2021-04-28 01:08:54
ROLE823,USR2242,UMKM043,owner,2021-04-29 13:15:54
ROLE824,USR2328,UMKM461,owner,2021-11-10 20:58:18
ROLE825,USR2030,UMKM586,owner,2022-12-23 19:20:00
ROLE826,USR2265,UMKM586,owner,2023-01-16 01:23:00
ROLE827,USR2540,UMKM668,owner,2021-05-03 16:46:21
ROLE828,USR2129,UMKM193,owner,2023-12-26 13:03:19
ROLE829,USR1863,UMKM193,owner,2024-01-11 04:45:19
ROLE830,USR2323,UMKM193,owner,2024-01-05 18:08:19
ROLE831,USR2242,UMKM330,owner,2021-12-19 22:40:25
ROLE832,USR2328,UMKM330,owner,2021-12-11 23:54:25
ROLE833,USR2405,UMKM330,owner,2021-11-26 08:15:25
ROLE834,USR2242,UMKM620,owner,2022-09-23 20:31:50
ROLE835,USR1794,UMKM620,owner,2022-09-13 21:30:50
ROLE836,USR2547,UMKM488,owner,2021-03-01 07:16:45
ROLE837,USR1863,UMKM488,owner,2021-03-02 17:17:45
ROLE838,USR2323,UMKM514,owner,2022-06-24 21:18:21
ROLE839,USR2540,UMKM514,owner,2022-07-05 09:00:21
ROLE840,USR2540,UMKM155,owner,2022-04-08 09:41:46
ROLE841,USR2242,UMKM064,owner,2022-08-12 15:50:42
ROLE842,USR2657,UMKM462,owner,2022-07-17 22:00:55
ROLE843,USR2405,UMKM462,owner,2022-07-19 21:21:55
ROLE844,USR2547,UMKM462,owner,2022-07-06 19:56:55
ROLE845,USR2088,UMKM106,owner,2023-11-10 02:57:57
ROLE846,USR2657,UMKM352,owner,2022-08-18 12:28:13
ROLE847,USR2540,UMKM352,owner,2022-08-07 14:02:13
ROLE848,USR2696,UMKM352,owner,2022-08-13 17:59:13
ROLE849,USR2265,UMKM087,owner,2021-12-03 18:24:07
ROLE850,USR2540,UMKM087,owner,2021-11-28 16:27:07
ROLE851,USR2618,UMKM517,owner,2022-04-30 18:29:14
ROLE852,USR2540,UMKM517,owner,2022-04-29 00:22:14
ROLE853,USR2030,UMKM517,owner,2022-05-12 09:10:14
ROLE854,USR2030,UMKM662,owner,2023-11-06 08:59:16
ROLE855,USR2696,UMKM662,owner,2023-10-30 22:57:16
ROLE856,USR2125,UMKM177,owner,2022-10-26 02:48:29
ROLE857,USR2328,UMKM177,owner,2022-11-07 09:20:29
ROLE858,USR2618,UMKM177,owner,2022-10-25 01:03:29
ROLE859,USR2030,UMKM041,owner,2022-12-19 05:03:29
ROLE860,USR2659,UMKM254,owner,2023-08-31 21:15:36
ROLE861,USR2405,UMKM254,owner,2023-09-07 08:38:36
ROLE862,USR2129,UMKM449,owner,2023-12-04 16:41:01
ROLE863,USR2659,UMKM449,owner,2023-12-08 01:14:01
ROLE864,USR2547,UMKM449,owner,2023-12-01 16:11:01
ROLE865,USR2547,UMKM450,owner,2023-04-25 06:14:44
ROLE866,USR2048,UMKM537,owner,2023-06-21 20:17:08
ROLE867,USR2540,UMKM537,owner,2023-06-09 08:55:08
ROLE868,USR2030,UMKM536,owner,2022-12-14 04:34:45
ROLE869,USR2659,UMKM536,owner,2022-11-26 18:15:45
ROLE870,USR2696,UMKM536,owner,2022-12-05 09:25:45
ROLE871,USR2048,UMKM625,owner,2023-11-23 08:41:52
ROLE872,USR2540,UMKM625,owner,2023-12-06 09:35:52
ROLE873,USR2265,UMKM625,owner,2023-12-21 14:02:52
ROLE874,USR2328,UMKM163,owner,2023-09-21 16:09:22
ROLE875,USR2618,UMKM163,owner,2023-09-21 21:56:22
ROLE876,USR1863,UMKM163,owner,2023-10-07 09:07:22
ROLE877,USR2265,UMKM373,owner,2021-11-21 11:42:45
ROLE878,USR2540,UMKM373,owner,2021-12-05 13:53:45
ROLE879,USR2540,UMKM382,owner,2023-01-19 14:10:58
ROLE880,USR2233,UMKM382,owner,2023-01-27 12:18:58
ROLE881,USR2405,UMKM382,owner,2023-02-02 13:12:58
ROLE882,USR2696,UMKM290,owner,2023-10-20 18:31:22
ROLE883,USR2242,UMKM397,owner,2023-03-31 10:06:52
ROLE884,USR1794,UMKM397,owner,2023-04-03 20:09:52
ROLE885,USR2242,UMKM419,owner,2021-04-04 19:15:45
ROLE886,USR2030,UMKM419,owner,2021-04-28 16:09:45
ROLE887,USR2125,UMKM347,owner,2021-03-29 03:02:09
ROLE888,USR2547,UMKM696,owner,2021-10-17 16:10:53
ROLE889,USR2618,UMKM696,owner,2021-10-16 17:26:53
ROLE890,USR2242,UMKM613,owner,2023-04-17 02:01:14
ROLE891,USR2265,UMKM613,owner,2023-04-03 23:01:14
ROLE892,USR2048,UMKM613,owner,2023-04-20 07:23:14
ROLE893,USR2125,UMKM054,owner,2023-11-06 17:55:15
ROLE894,USR2233,UMKM054,owner,2023-11-02 21:29:15
ROLE895,USR2088,UMKM2280,owner,2021-10-15 11:57:16
ROLE896,USR2048,UMKM2280,owner,2021-10-12 23:59:16
ROLE897,USR2540,UMKM2280,owner,2021-10-17 17:58:16
ROLE898,USR2048,UMKM663,owner,2021-06-22 03:38:47
ROLE899,USR2547,UMKM663,owner,2021-06-25 19:27:47
ROLE900,USR2242,UMKM663,owner,2021-06-06 05:43:47
ROLE901,USR1794,UMKM343,owner,2022-12-03 16:10:01
ROLE902,USR2696,UMKM068,owner,2021-09-29 22:22:32
ROLE903,USR2129,UMKM338,owner,2022-07-07 09:18:24
ROLE904,USR2405,UMKM338,owner,2022-06-29 23:44:24
ROLE905,USR1863,UMKM097,owner,2023-04-24 00:09:56
ROLE906,USR2048,UMKM097,owner,2023-04-18 02:31:56
ROLE907,USR1794,UMKM097,owner,2023-04-19 06:32:56
ROLE908,USR2048,UMKM572,owner,2023-05-11 04:38:50
ROLE909,USR2242,UMKM572,owner,2023-05-15 16:55:50
ROLE910,USR2618,UMKM572,owner,2023-05-11 17:22:50
ROLE911,USR2540,UMKM695,owner,2021-03-09 06:07:08
ROLE912,USR2048,UMKM695,owner,2021-03-11 16:45:08
ROLE913,USR2659,UMKM396,owner,2023-08-02 00:56:10
ROLE914,USR2540,UMKM396,owner,2023-07-30 22:09:10
ROLE915,USR2048,UMKM291,owner,2022-09-10 07:16:29
ROLE916,USR2125,UMKM291,owner,2022-09-27 21:29:29
ROLE917,USR1863,UMKM291,owner,2022-09-07 16:18:29
ROLE918,USR2265,UMKM259,owner,2021-10-06 00:24:35
ROLE919,USR2618,UMKM259,owner,2021-10-03 17:37:35
ROLE920,USR2657,UMKM259,owner,2021-09-18 14:04:35
ROLE921,USR2323,UMKM673,owner,2022-08-15 23:29:16
ROLE922,USR2328,UMKM673,owner,2022-08-06 17:09:16
ROLE923,USR2048,UMKM618,owner,2021-08-24 07:32:29
ROLE924,USR2696,UMKM618,owner,2021-08-06 08:20:29
ROLE925,USR2657,UMKM618,owner,2021-08-19 22:25:29
ROLE926,USR2233,UMKM154,owner,2021-12-08 03:15:05
ROLE927,USR2659,UMKM342,owner,2023-11-26 09:06:48
ROLE928,USR2659,UMKM084,owner,2023-04-06 16:02:52
ROLE929,USR1863,UMKM084,owner,2023-04-13 18:03:52
ROLE930,USR1794,UMKM084,owner,2023-04-07 01:11:52
ROLE931,USR2088,UMKM597,owner,2021-02-09 09:20:40
ROLE932,USR2048,UMKM680,owner,2023-11-21 21:09:06
ROLE933,USR1863,UMKM680,owner,2023-11-26 00:09:06
ROLE934,USR2540,UMKM145,owner,2021-09-23 21:32:20
ROLE935,USR1794,UMKM145,owner,2021-09-15 14:04:20
ROLE936,USR2265,UMKM359,owner,2022-06-26 12:54:53
ROLE937,USR2129,UMKM2000,owner,2021-08-11 04:26:53
ROLE938,USR2618,UMKM672,owner,2021-11-22 13:21:14
ROLE939,USR2540,UMKM679,owner,2021-08-20 08:41:09
ROLE940,USR2540,UMKM402,owner,2023-04-29 03:46:29
ROLE941,USR2125,UMKM133,owner,2021-02-17 10:22:31
ROLE942,USR2265,UMKM610,owner,2021-05-30 03:00:32
ROLE943,USR2242,UMKM610,owner,2021-05-29 15:38:32
ROLE944,USR2048,UMKM610,owner,2021-05-16 07:44:32
ROLE945,USR2233,UMKM724,owner,2023-08-20 05:17:16
ROLE946,USR2030,UMKM683,owner,2023-08-17 20:13:45
ROLE947,USR2540,UMKM683,owner,2023-09-11 18:47:45
ROLE948,USR2547,UMKM683,owner,2023-09-05 07:44:45
ROLE949,USR2547,UMKM573,owner,2022-03-21 05:04:18
ROLE950,USR2129,UMKM386,owner,2023-10-07 07:04:48
ROLE951,USR2242,UMKM386,owner,2023-10-10 02:57:48
ROLE952,USR2547,UMKM659,owner,2023-07-07 04:14:13
ROLE953,USR2659,UMKM337,owner,2023-09-01 10:10:12
ROLE954,USR2088,UMKM337,owner,2023-08-31 12:19:12
ROLE955,USR2125,UMKM131,owner,2021-12-05 14:38:59
ROLE956,USR2540,UMKM131,owner,2021-11-17 04:00:59
ROLE957,USR2328,UMKM540,owner,2021-08-20 11:24:42
ROLE958,USR2659,UMKM540,owner,2021-08-13 17:50:42
ROLE959,USR1794,UMKM540,owner,2021-08-04 21:12:42
ROLE960,USR2242,UMKM096,owner,2022-03-17 01:25:40
ROLE961,USR2540,UMKM096,owner,2022-03-08 12:19:40
ROLE962,USR2233,UMKM096,owner,2022-03-03 22:49:40
ROLE963,USR2048,UMKM722,owner,2023-06-03 17:53:15
ROLE964,USR1863,UMKM434,owner,2021-10-08 17:54:18
ROLE965,USR2328,UMKM434,owner,2021-10-15 15:14:18
ROLE966,USR2129,UMKM434,owner,2021-10-10 17:30:18
ROLE967,USR2696,UMKM521,owner,2023-09-23 01:40:26
ROLE968,USR2659,UMKM521,owner,2023-09-22 22:46:26
ROLE969,USR2323,UMKM521,owner,2023-09-09 05:41:26
ROLE970,USR1794,UMKM371,owner,2023-03-11 00:10:16
ROLE971,USR2696,UMKM019,owner,2023-09-25 14:28:51
ROLE972,USR2657,UMKM019,owner,2023-10-02 02:37:51
ROLE973,USR2265,UMKM019,owner,2023-10-05 12:50:51
ROLE974,USR2696,UMKM372,owner,2021-05-16 02:02:53
ROLE975,USR2657,UMKM372,owner,2021-05-27 10:30:53
ROLE976,USR2048,UMKM372,owner,2021-05-27 13:07:53
ROLE977,USR2129,UMKM317,owner,2023-05-30 04:40:18
ROLE978,USR2030,UMKM317,owner,2023-06-02 23:25:18
ROLE979,USR1794,UMKM317,owner,2023-06-04 13:38:18
ROLE980,USR2540,UMKM185,owner,2022-07-09 01:05:34
ROLE981,USR2088,UMKM185,owner,2022-07-03 20:08:34
ROLE982,USR2129,UMKM220,owner,2021-03-18 19:16:07
ROLE983,USR2265,UMKM350,owner,2021-08-18 22:40:19
ROLE984,USR1794,UMKM498,owner,2023-07-02 17:22:40
ROLE985,USR2540,UMKM498,owner,2023-07-13 15:51:40
ROLE986,USR2129,UMKM197,owner,2022-02-05 05:29:45
ROLE987,USR2328,UMKM197,owner,2022-02-02 19:20:45
ROLE988,USR2618,UMKM197,owner,2022-02-12 15:11:45
ROLE989,USR2405,UMKM232,owner,2023-05-05 23:01:31
ROLE990,USR2328,UMKM232,owner,2023-05-12 22:44:31
ROLE991,USR2233,UMKM232,owner,2023-05-04 12:17:31
ROLE992,USR2088,UMKM141,owner,2021-08-17 19:50:26
ROLE993,USR2265,UMKM159,owner,2022-06-28 00:51:10
ROLE994,USR2129,UMKM159,owner,2022-06-23 08:44:10
ROLE995,USR1863,UMKM159,owner,2022-06-26 22:18:10
ROLE996,USR2696,UMKM080,owner,2022-04-28 05:21:29
ROLE997,USR2233,UMKM080,owner,2022-05-10 03:48:29
ROLE998,USR2659,UMKM303,owner,2022-01-17 02:03:03
ROLE999,USR1863,UMKM104,owner,2022-11-10 13:28:44
ROLE1000,USR1794,UMKM743,owner,2023-11-10 06:43:39
ROLE1001,USR2659,UMKM743,owner,2023-11-05 10:10:39
ROLE1002,USR1863,UMKM743,owner,2023-11-03 17:40:39
ROLE1003,USR2242,UMKM553,owner,2023-12-15 17:11:46
ROLE1004,USR2657,UMKM670,owner,2023-05-18 11:41:20
ROLE1005,USR2125,UMKM670,owner,2023-06-08 06:16:20
ROLE1006,USR1863,UMKM670,owner,2023-06-01 19:10:20
ROLE1007,USR2129,UMKM2148,owner,2021-11-09 22:36:40
ROLE1008,USR2265,UMKM345,owner,2022-09-18 12:31:33
ROLE1009,USR2129,UMKM633,owner,2022-04-19 11:12:10
ROLE1010,USR2265,UMKM633,owner,2022-05-08 22:21:10
ROLE1011,USR2048,UMKM633,owner,2022-04-30 17:21:10
ROLE1012,USR2129,UMKM135,owner,2023-05-28 10:12:10
ROLE1013,USR1863,UMKM135,owner,2023-06-05 06:14:10
ROLE1014,USR2048,UMKM612,owner,2023-05-10 17:30:10
ROLE1015,USR2659,UMKM612,owner,2023-05-27 04:23:10
ROLE1016,USR2657,UMKM612,owner,2023-05-30 14:33:10
ROLE1017,USR2129,UMKM674,owner,2023-07-03 00:08:36
ROLE1018,USR1863,UMKM674,owner,2023-06-29 03:51:36
ROLE1019,USR2265,UMKM674,owner,2023-06-25 02:30:36
ROLE1020,USR2323,UMKM158,owner,2023-06-10 08:37:18
ROLE1021,USR2030,UMKM158,owner,2023-05-16 14:14:18
ROLE1022,USR2696,UMKM167,owner,2022-10-09 19:43:17
ROLE1023,USR1794,UMKM167,owner,2022-10-16 17:18:17
ROLE1024,USR2540,UMKM167,owner,2022-09-27 23:13:17
ROLE1025,USR2657,UMKM186,owner,2023-01-17 18:25:48
ROLE1026,USR2696,UMKM170,owner,2021-08-26 23:52:37
ROLE1027,USR2048,UMKM170,owner,2021-08-08 13:02:37
ROLE1028,USR1863,UMKM170,owner,2021-08-05 19:00:37
ROLE1029,USR2233,UMKM718,owner,2021-07-06 01:14:05
ROLE1030,USR2048,UMKM718,owner,2021-07-05 11:35:05
ROLE1031,USR2659,UMKM718,owner,2021-06-25 12:47:05
ROLE1032,USR2125,UMKM045,owner,2021-04-29 02:49:27
ROLE1033,USR2540,UMKM045,owner,2021-05-04 20:52:27
ROLE1034,USR2618,UMKM045,owner,2021-04-23 17:32:27
ROLE1035,USR2242,UMKM421,owner,2022-04-24 19:27:39
ROLE1036,USR2048,UMKM421,owner,2022-05-06 08:07:39
ROLE1037,USR2696,UMKM374,owner,2022-07-12 02:27:51
ROLE1038,USR2328,UMKM374,owner,2022-07-03 07:32:51
ROLE1039,USR2405,UMKM244,owner,2022-11-02 04:59:17
ROLE1040,USR2657,UMKM455,owner,2023-08-02 20:14:10
ROLE1041,USR1863,UMKM455,owner,2023-07-31 02:17:10
ROLE1042,USR2129,UMKM455,owner,2023-08-01 03:59:10
ROLE1043,USR2659,UMKM626,owner,2021-03-08 01:29:57
ROLE1044,USR2048,UMKM626,owner,2021-02-25 10:54:57
ROLE1045,USR2265,UMKM626,owner,2021-03-11 18:47:57
ROLE1046,USR2048,UMKM292,owner,2023-09-13 18:19:53
ROLE1047,USR2030,UMKM292,owner,2023-08-26 11:04:53
ROLE1048,USR2547,UMKM292,owner,2023-09-14 00:57:53
ROLE1049,USR2547,UMKM460,owner,2022-11-18 12:38:31
ROLE1050,USR2265,UMKM460,owner,2022-11-14 11:47:31
ROLE1051,USR1794,UMKM240,owner,2021-08-15 00:58:48
ROLE1052,USR2405,UMKM547,owner,2021-03-14 13:31:00
ROLE1053,USR2659,UMKM547,owner,2021-03-12 15:49:00
ROLE1054,USR2030,UMKM245,owner,2022-06-01 10:24:49
ROLE1055,USR2328,UMKM245,owner,2022-06-03 09:40:49
ROLE1056,USR1794,UMKM245,owner,2022-06-11 05:07:49
ROLE1057,USR2048,UMKM735,owner,2022-02-24 08:29:16
ROLE1058,USR2088,UMKM735,owner,2022-02-19 14:04:16
ROLE1059,USR2657,UMKM735,owner,2022-02-07 07:44:16
ROLE1060,USR2540,UMKM2504,owner,2023-04-03 19:04:52
ROLE1061,USR2265,UMKM2504,owner,2023-04-30 01:45:52
ROLE1062,USR2540,UMKM2504,owner,2023-04-24 16:37:52
ROLE1063,USR2233,UMKM199,owner,2022-08-16 22:54:12
ROLE1064,USR2405,UMKM377,owner,2022-11-04 07:09:35
ROLE1065,USR2659,UMKM377,owner,2022-10-24 01:16:35
ROLE1066,USR2696,UMKM377,owner,2022-10-24 02:43:35
ROLE1067,USR2328,UMKM585,owner,2023-12-24 23:02:48
ROLE1068,USR2659,UMKM452,owner,2022-01-31 21:14:49
ROLE1069,USR1863,UMKM452,owner,2022-01-31 16:39:49
ROLE1070,USR2540,UMKM452,owner,2022-02-03 19:33:49
ROLE1071,USR2618,UMKM2564,owner,2023-11-20 18:23:01
ROLE1072,USR2048,UMKM289,owner,2022-04-23 16:52:13
ROLE1073,USR1794,UMKM289,owner,2022-04-04 04:05:13
ROLE1074,USR2088,UMKM289,owner,2022-04-29 01:50:13
ROLE1075,USR2125,UMKM392,owner,2023-08-21 01:40:34
ROLE1076,USR2657,UMKM392,owner,2023-08-21 09:06:34
ROLE1077,USR2233,UMKM392,owner,2023-07-30 14:51:34
ROLE1078,USR2657,UMKM515,owner,2021-05-28 16:21:36
ROLE1079,USR2048,UMKM515,owner,2021-06-17 23:23:36
ROLE1080,USR2540,UMKM515,owner,2021-06-25 08:21:36
ROLE1081,USR1794,UMKM541,owner,2022-12-27 15:05:51
ROLE1082,USR2547,UMKM541,owner,2023-01-14 12:56:51
ROLE1083,USR2125,UMKM541,owner,2023-01-20 21:36:51
ROLE1084,USR2540,UMKM429,owner,2022-01-09 16:06:07
ROLE1085,USR2657,UMKM166,owner,2023-06-09 02:21:17
ROLE1086,USR2265,UMKM205,owner,2022-02-05 16:12:07
ROLE1087,USR2125,UMKM205,owner,2022-02-07 10:57:07
ROLE1088,USR2618,UMKM205,owner,2022-02-04 14:06:07
ROLE1089,USR2328,UMKM142,owner,2023-07-03 02:34:55
ROLE1090,USR1794,UMKM142,owner,2023-07-15 21:14:55
ROLE1091,USR2233,UMKM142,owner,2023-06-30 15:18:55
ROLE1092,USR1863,UMKM257,owner,2023-11-07 01:13:03
ROLE1093,USR2618,UMKM257,owner,2023-11-14 18:57:03
ROLE1094,USR2125,UMKM257,owner,2023-11-21 11:22:03
ROLE1095,USR2265,UMKM704,owner,2023-10-12 15:48:20
ROLE1096,USR2618,UMKM704,owner,2023-10-21 05:27:20
ROLE1097,USR2618,UMKM493,owner,2024-01-21 11:15:14
ROLE1098,USR2323,UMKM493,owner,2024-01-18 05:21:14
ROLE1099,USR2540,UMKM493,owner,2023-12-29 11:59:14
ROLE1100,USR2618,UMKM381,owner,2021-05-06 09:54:58
ROLE1101,USR2618,UMKM739,owner,2022-02-25 07:50:27
ROLE1102,USR2323,UMKM726,owner,2023-12-30 02:44:07
ROLE1103,USR2328,UMKM529,owner,2022-10-25 18:25:14
ROLE1104,USR2540,UMKM529,owner,2022-10-24 20:17:14
ROLE1105,USR2030,UMKM128,owner,2023-12-04 17:21:18
ROLE1106,USR2265,UMKM128,owner,2023-11-30 03:23:18
ROLE1107,USR2323,UMKM745,owner,2022-09-04 14:56:19
ROLE1108,USR1863,UMKM086,owner,2021-06-18 12:47:37
ROLE1109,USR2088,UMKM165,owner,2024-01-01 03:15:44
ROLE1110,USR2540,UMKM165,owner,2024-01-11 16:54:44
ROLE1111,USR2265,UMKM280,owner,2023-10-15 19:51:22
ROLE1112,USR2659,UMKM280,owner,2023-10-22 02:15:22
ROLE1113,USR2242,UMKM280,owner,2023-10-14 05:38:22
ROLE1114,USR2540,UMKM737,owner,2021-08-11 12:27:53
ROLE1115,USR2048,UMKM737,owner,2021-08-13 01:08:53
ROLE1116,USR2129,UMKM526,owner,2021-08-01 00:39:44
ROLE1117,USR2540,UMKM526,owner,2021-07-28 06:37:44
ROLE1118,USR2048,UMKM151,owner,2022-11-01 11:40:20
ROLE1119,USR2030,UMKM448,owner,2022-09-03 17:41:50
ROLE1120,USR2088,UMKM094,owner,2022-12-13 09:29:59
ROLE1121,USR2618,UMKM094,owner,2022-12-14 23:33:59
ROLE1122,USR2125,UMKM228,owner,2021-03-19 02:28:49
ROLE1123,USR2129,UMKM228,owner,2021-03-11 08:53:49
ROLE1124,USR2125,UMKM727,owner,2022-08-25 00:18:44
ROLE1125,USR2696,UMKM727,owner,2022-08-15 03:10:44
ROLE1126,USR2540,UMKM358,owner,2022-10-25 11:49:07
ROLE1127,USR2048,UMKM358,owner,2022-10-17 16:23:07
ROLE1128,USR2618,UMKM028,owner,2021-05-04 06:17:30
ROLE1129,USR2328,UMKM028,owner,2021-05-07 07:15:30
ROLE1130,USR2547,UMKM425,owner,2021-03-06 12:50:48
ROLE1131,USR2265,UMKM425,owner,2021-03-05 04:14:48
ROLE1132,USR2088,UMKM425,owner,2021-02-25 07:01:48
ROLE1133,USR2323,UMKM055,owner,2021-06-20 19:36:04
ROLE1134,USR2129,UMKM055,owner,2021-06-25 06:14:04
ROLE1135,USR2048,UMKM055,owner,2021-06-24 20:27:04
ROLE1136,USR2129,UMKM406,owner,2022-06-03 20:44:30
ROLE1137,USR2030,UMKM616,owner,2021-05-03 15:14:24
ROLE1138,USR2618,UMKM383,owner,2022-03-23 19:51:51
ROLE1139,USR2265,UMKM383,owner,2022-03-07 14:48:51
ROLE1140,USR2242,UMKM383,owner,2022-02-23 08:31:51
ROLE1141,USR2265,UMKM242,owner,2021-07-09 10:06:27
ROLE1142,USR2323,UMKM242,owner,2021-07-07 00:19:27
ROLE1143,USR2233,UMKM242,owner,2021-06-26 07:18:27
ROLE1144,USR1863,UMKM706,owner,2023-06-16 17:48:19
ROLE1145,USR1794,UMKM706,owner,2023-06-17 21:10:19
ROLE1146,USR2618,UMKM706,owner,2023-05-26 06:50:19
ROLE1147,USR2540,UMKM688,owner,2022-06-15 04:16:13
ROLE1148,USR2242,UMKM384,owner,2021-04-19 00:03:48
ROLE1149,USR2265,UMKM384,owner,2021-04-17 03:05:48
ROLE1150,USR2659,UMKM384,owner,2021-04-29 10:28:48
ROLE1151,USR2242,UMKM230,owner,2021-12-08 03:42:59
ROLE1152,USR2405,UMKM230,owner,2021-12-10 21:19:59
ROLE1153,USR2328,UMKM230,owner,2021-12-20 14:09:59
ROLE1154,USR2405,UMKM029,owner,2021-05-21 17:26:50
ROLE1155,USR2030,UMKM327,owner,2021-08-21 22:21:12
ROLE1156,USR2696,UMKM327,owner,2021-08-16 22:07:12
ROLE1157,USR2030,UMKM102,owner,2024-01-13 10:44:35
ROLE1158,USR2125,UMKM344,owner,2022-08-01 15:28:08
ROLE1159,USR2323,UMKM344,owner,2022-08-17 17:52:08
ROLE1160,USR2125,UMKM150,owner,2021-06-06 06:36:17
ROLE1161,USR2547,UMKM655,owner,2022-09-30 01:36:20
ROLE1162,USR2659,UMKM655,owner,2022-09-29 18:03:20
ROLE1163,USR2242,UMKM655,owner,2022-10-11 21:19:20
ROLE1164,USR2659,UMKM040,owner,2021-05-09 08:22:10
ROLE1165,USR2618,UMKM040,owner,2021-04-24 23:56:10
ROLE1166,USR2129,UMKM749,owner,2022-07-29 06:30:47
ROLE1167,USR2618,UMKM749,owner,2022-08-02 16:17:47
ROLE1168,USR2088,UMKM749,owner,2022-07-20 05:45:47
ROLE1169,USR2618,UMKM484,owner,2021-05-29 18:33:18
ROLE1170,USR2088,UMKM484,owner,2021-05-13 20:44:18
ROLE1171,USR2323,UMKM143,owner,2021-05-06 13:46:46
ROLE1172,USR2657,UMKM143,owner,2021-04-16 07:56:46
ROLE1173,USR2233,UMKM143,owner,2021-04-21 02:10:46
ROLE1174,USR2233,UMKM624,owner,2021-10-28 22:29:21
ROLE1175,USR2540,UMKM624,owner,2021-10-24 03:35:21
ROLE1176,USR1863,UMKM629,owner,2022-06-05 13:25:47
ROLE1177,USR2618,UMKM629,owner,2022-06-04 03:55:47
ROLE1178,USR2328,UMKM006,owner,2022-03-26 14:16:03
ROLE1179,USR2030,UMKM006,owner,2022-04-03 07:22:03
ROLE1180,USR2540,UMKM082,owner,2023-05-27 09:08:47
ROLE1181,USR2657,UMKM082,owner,2023-05-16 08:35:47
ROLE1182,USR2323,UMKM082,owner,2023-05-13 14:59:47
ROLE1183,USR2547,UMKM020,owner,2022-08-22 20:11:07
ROLE1184,USR2242,UMKM263,owner,2022-07-27 19:14:36
ROLE1185,USR2405,UMKM221,owner,2023-05-27 07:31:24
ROLE1186,USR2657,UMKM221,owner,2023-05-29 22:52:24
ROLE1187,USR2618,UMKM221,owner,2023-06-01 00:51:24
ROLE1188,USR2547,UMKM690,owner,2022-07-15 23:29:50
ROLE1189,USR2265,UMKM690,owner,2022-07-04 20:01:50
ROLE1190,USR1863,UMKM690,owner,2022-07-11 05:01:50
ROLE1191,USR1794,UMKM615,owner,2021-05-15 21:35:56
ROLE1192,USR2328,UMKM615,owner,2021-05-07 06:02:56
ROLE1193,USR2088,UMKM615,owner,2021-05-18 10:11:56
ROLE1194,USR2048,UMKM667,owner,2021-03-12 02:50:52
ROLE1195,USR2129,UMKM667,owner,2021-03-13 17:23:52
ROLE1196,USR1863,UMKM667,owner,2021-03-01 06:58:52
ROLE1197,USR2659,UMKM114,owner,2021-02-19 16:55:19
ROLE1198,USR2659,UMKM296,owner,2023-12-22 23:50:08
ROLE1199,USR2265,UMKM296,owner,2024-01-07 09:42:08
ROLE1200,USR2048,UMKM645,owner,2022-01-23 17:11:28
ROLE1201,USR2265,UMKM645,owner,2022-01-23 06:47:28
ROLE1202,USR2242,UMKM645,owner,2022-02-13 16:11:28
ROLE1203,USR2265,UMKM309,owner,2021-07-29 23:52:20
ROLE1204,USR1794,UMKM309,owner,2021-07-22 16:16:20
ROLE1205,USR2233,UMKM125,owner,2023-09-24 19:58:36
ROLE1206,USR2659,UMKM125,owner,2023-09-30 03:50:36
ROLE1207,USR2323,UMKM049,owner,2022-06-11 05:37:24
ROLE1208,USR2030,UMKM049,owner,2022-06-08 09:42:24
ROLE1209,USR2657,UMKM631,owner,2021-04-08 20:18:31
ROLE1210,USR1863,UMKM430,owner,2023-07-15 03:09:56
ROLE1211,USR2129,UMKM430,owner,2023-07-21 05:27:56
ROLE1212,USR2547,UMKM430,owner,2023-07-22 05:27:56
ROLE1213,USR2657,UMKM469,owner,2023-09-04 13:03:44
ROLE1214,USR1863,UMKM065,owner,2021-10-04 13:11:57
ROLE1215,USR2265,UMKM065,owner,2021-10-21 12:08:57
ROLE1216,USR2657,UMKM559,owner,2022-08-15 11:30:01
ROLE1217,USR2540,UMKM559,owner,2022-08-16 17:08:01
ROLE1218,USR2405,UMKM512,owner,2021-09-18 10:15:09
ROLE1219,USR2540,UMKM017,owner,2022-12-31 07:36:24
ROLE1220,USR2405,UMKM528,owner,2021-12-24 21:14:31
ROLE1221,USR2125,UMKM248,owner,2021-05-11 09:06:10
ROLE1222,USR2659,UMKM248,owner,2021-05-15 01:50:10
ROLE1223,USR2618,UMKM248,owner,2021-05-05 01:40:10
ROLE1224,USR2618,UMKM148,owner,2023-07-10 03:25:26
ROLE1225,USR2030,UMKM148,owner,2023-08-01 08:58:26
ROLE1226,USR2242,UMKM299,owner,2021-07-26 15:23:03
ROLE1227,USR2540,UMKM299,owner,2021-07-18 19:27:03
ROLE1228,USR2657,UMKM440,owner,2021-08-09 16:54:31
ROLE1229,USR2088,UMKM440,owner,2021-08-06 05:22:31
ROLE1230,USR2328,UMKM002,owner,2022-04-26 20:35:54
ROLE1231,USR2323,UMKM002,owner,2022-04-27 20:22:54
ROLE1232,USR2265,UMKM002,owner,2022-04-29 22:18:54
ROLE1233,USR2540,UMKM362,owner,2023-04-21 15:57:51
ROLE1234,USR2125,UMKM362,owner,2023-04-08 15:33:51
ROLE1235,USR2125,UMKM247,owner,2022-11-15 00:54:25
ROLE1236,USR1794,UMKM247,owner,2022-12-04 13:12:25
ROLE1237,USR2233,UMKM427,owner,2022-12-23 15:18:58
ROLE1238,USR2030,UMKM192,owner,2021-07-06 05:07:32
ROLE1239,USR2088,UMKM192,owner,2021-07-15 02:43:32
